[{"model": "discount.country", "pk": 1, "fields": {"code": "UKR", "name": "Ukraine"}}, {"model": "discount.country", "pk": 2, "fields": {"code": "MCO", "name": "Monaco"}}, {"model": "discount.country", "pk": 3, "fields": {"code": "COL", "name": "Columbia"}}, {"model": "discount.country", "pk": 4, "fields": {"code": "GBR", "name": "United Kingdom of Great Britain and Northern Ireland"}}, {"model": "discount.country", "pk": 5, "fields": {"code": "CHN", "name": "China"}}, {"model": "discount.country", "pk": 6, "fields": {"code": "CYP", "name": "Cyprus"}}, {"model": "discount.company", "pk": 1, "fields": {"country": 1, "title": "Microsoft"}}, {"model": "discount.company", "pk": 2, "fields": {"country": 6, "title": "ACME"}}, {"model": "discount.company", "pk": 3, "fields": {"country": 2, "title": "Apple"}}, {"model": "discount.company", "pk": 4, "fields": {"country": 1, "title": "Siemens"}}, {"model": "discount.company", "pk": 6, "fields": {"country": 3, "title": "Samsung"}}, {"model": "discount.company", "pk": 7, "fields": {"country": 5, "title": "LG"}}, {"model": "discount.company", "pk": 8, "fields": {"country": 5, "title": "Wenger"}}, {"model": "discount.company", "pk": 9, "fields": {"country": 4, "title": "IMF"}}, {"model": "discount.company", "pk": 10, "fields": {"country": 6, "title": "HUAWEI"}}, {"model": "discount.company", "pk": 11, "fields": {"country": 3, "title": "Cisco"}}, {"model": "discount.period", "pk": 1, "fields": {"related_agreement": 1, "start_date": "2015-01-01", "stop_date": "2020-10-01", "status": "Act"}}, {"model": "discount.period", "pk": 2, "fields": {"related_agreement": 1, "start_date": "2027-01-01", "stop_date": "2027-06-01", "status": "Rec"}}, {"model": "discount.period", "pk": 3, "fields": {"related_agreement": 2, "start_date": "2016-07-01", "stop_date": "2016-09-01", "status": "Clo"}}, {"model": "discount.period", "pk": 4, "fields": {"related_agreement": 2, "start_date": "2016-11-01", "stop_date": "2016-11-02", "status": "Clo"}}, {"model": "discount.period", "pk": 5, "fields": {"related_agreement": 2, "start_date": "2016-11-03", "stop_date": "2017-01-01", "status": "Clo"}}, {"model": "discount.period", "pk": 6, "fields": {"related_agreement": 3, "start_date": "2010-10-10", "stop_date": "2010-10-15", "status": "Clo"}}, {"model": "discount.period", "pk": 7, "fields": {"related_agreement": 3, "start_date": "2020-12-03", "stop_date": "2021-10-15", "status": "Rec"}}, {"model": "discount.period", "pk": 8, "fields": {"related_agreement": 3, "start_date": "2021-10-20", "stop_date": "2021-12-31", "status": "New"}}, {"model": "discount.period", "pk": 9, "fields": {"related_agreement": 4, "start_date": "1920-10-15", "stop_date": "1930-10-15", "status": "Clo"}}, {"model": "discount.period", "pk": 10, "fields": {"related_agreement": 4, "start_date": "1930-10-15", "stop_date": "1930-10-16", "status": "Clo"}}, {"model": "discount.period", "pk": 11, "fields": {"related_agreement": 4, "start_date": "1935-01-15", "stop_date": "1940-12-01", "status": "Clo"}}, {"model": "discount.period", "pk": 12, "fields": {"related_agreement": 5, "start_date": "2001-10-15", "stop_date": "2005-10-15", "status": "Clo"}}, {"model": "discount.period", "pk": 13, "fields": {"related_agreement": 5, "start_date": "2006-10-15", "stop_date": "2007-10-15", "status": "Clo"}}, {"model": "discount.period", "pk": 14, "fields": {"related_agreement": 6, "start_date": "2011-04-14", "stop_date": "2011-05-14", "status": "Clo"}}, {"model": "discount.period", "pk": 15, "fields": {"related_agreement": 6, "start_date": "2012-05-14", "stop_date": "2012-06-14", "status": "Clo"}}, {"model": "discount.period", "pk": 16, "fields": {"related_agreement": 6, "start_date": "2014-05-14", "stop_date": "2017-05-14", "status": "Clo"}}, {"model": "discount.period", "pk": 17, "fields": {"related_agreement": 5, "start_date": "2020-03-12", "stop_date": "2020-08-12", "status": "Act"}}, {"model": "discount.period", "pk": 18, "fields": {"related_agreement": 4, "start_date": "2020-10-15", "stop_date": "2030-10-15", "status": "Rec"}}, {"model": "discount.period", "pk": 19, "fields": {"related_agreement": 4, "start_date": "2019-10-15", "stop_date": "2020-06-01", "status": "Act"}}, {"model": "discount.period", "pk": 20, "fields": {"related_agreement": 4, "start_date": "2040-06-02", "stop_date": "2050-06-01", "status": "New"}}, {"model": "discount.period", "pk": 21, "fields": {"related_agreement": 1, "start_date": "2021-10-10", "stop_date": "2026-01-01", "status": "New"}}, {"model": "discount.period", "pk": 22, "fields": {"related_agreement": 7, "start_date": "2015-03-14", "stop_date": "2020-08-19", "status": "Act"}}, {"model": "discount.period", "pk": 23, "fields": {"related_agreement": 7, "start_date": "2021-09-01", "stop_date": "2022-12-01", "status": "Rec"}}, {"model": "discount.period", "pk": 24, "fields": {"related_agreement": 7, "start_date": "2022-12-01", "stop_date": "2025-05-03", "status": "New"}}, {"model": "discount.period", "pk": 25, "fields": {"related_agreement": 5, "start_date": "2005-11-15", "stop_date": "2005-11-22", "status": "Clo"}}, {"model": "discount.period", "pk": 26, "fields": {"related_agreement": 5, "start_date": "2007-10-16", "stop_date": "2007-12-31", "status": "Clo"}}, {"model": "discount.period", "pk": 27, "fields": {"related_agreement": 4, "start_date": "2020-07-01", "stop_date": "2020-08-03", "status": "New"}}, {"model": "discount.period", "pk": 28, "fields": {"related_agreement": 8, "start_date": "2019-03-08", "stop_date": "2020-08-03", "status": "Act"}}, {"model": "contenttypes.contenttype", "pk": 1, "fields": {"app_label": "discount", "model": "agreement"}}, {"model": "contenttypes.contenttype", "pk": 2, "fields": {"app_label": "discount", "model": "country"}}, {"model": "contenttypes.contenttype", "pk": 3, "fields": {"app_label": "discount", "model": "period"}}, {"model": "contenttypes.contenttype", "pk": 4, "fields": {"app_label": "discount", "model": "company"}}, {"model": "contenttypes.contenttype", "pk": 5, "fields": {"app_label": "admin", "model": "logentry"}}, {"model": "contenttypes.contenttype", "pk": 6, "fields": {"app_label": "auth", "model": "permission"}}, {"model": "contenttypes.contenttype", "pk": 7, "fields": {"app_label": "auth", "model": "group"}}, {"model": "contenttypes.contenttype", "pk": 8, "fields": {"app_label": "auth", "model": "user"}}, {"model": "contenttypes.contenttype", "pk": 9, "fields": {"app_label": "contenttypes", "model": "contenttype"}}, {"model": "contenttypes.contenttype", "pk": 10, "fields": {"app_label": "sessions", "model": "session"}}, {"model": "sessions.session", "pk": "7ko7y6oe90sun1bh71pr22nn6m1smqle", "fields": {"session_data": "MGI2NDQ3NmEzMDA0YWJlNDlmMGQ2ZmU1MWI4ZjJlMjU4ZTc2MjkxZDp7Il9hdXRoX3VzZXJfaWQiOiI2IiwiX2F1dGhfdXNlcl9iYWNrZW5kIjoiZGphbmdvLmNvbnRyaWIuYXV0aC5iYWNrZW5kcy5Nb2RlbEJhY2tlbmQiLCJfYXV0aF91c2VyX2hhc2giOiIzNWRiYmVlMzYyMWQxNzI2NDE2NDM2Y2RmZDg5YjkxN2QwZDQxZTVjIn0=", "expire_date": "2020-04-28T16:38:38.729Z"}}, {"model": "sessions.session", "pk": "gluixxx68ta6zxm7939e0ynnaf3yhaht", "fields": {"session_data": "MGI2NDQ3NmEzMDA0YWJlNDlmMGQ2ZmU1MWI4ZjJlMjU4ZTc2MjkxZDp7Il9hdXRoX3VzZXJfaWQiOiI2IiwiX2F1dGhfdXNlcl9iYWNrZW5kIjoiZGphbmdvLmNvbnRyaWIuYXV0aC5iYWNrZW5kcy5Nb2RlbEJhY2tlbmQiLCJfYXV0aF91c2VyX2hhc2giOiIzNWRiYmVlMzYyMWQxNzI2NDE2NDM2Y2RmZDg5YjkxN2QwZDQxZTVjIn0=", "expire_date": "2020-04-29T10:25:54.543Z"}}, {"model": "auth.permission", "pk": 1, "fields": {"name": "Can add agreement", "content_type": 1, "codename": "add_agreement"}}, {"model": "auth.permission", "pk": 2, "fields": {"name": "Can change agreement", "content_type": 1, "codename": "change_agreement"}}, {"model": "auth.permission", "pk": 3, "fields": {"name": "Can delete agreement", "content_type": 1, "codename": "delete_agreement"}}, {"model": "auth.permission", "pk": 4, "fields": {"name": "Can view agreement", "content_type": 1, "codename": "view_agreement"}}, {"model": "auth.permission", "pk": 5, "fields": {"name": "Can add country", "content_type": 2, "codename": "add_country"}}, {"model": "auth.permission", "pk": 6, "fields": {"name": "Can change country", "content_type": 2, "codename": "change_country"}}, {"model": "auth.permission", "pk": 7, "fields": {"name": "Can delete country", "content_type": 2, "codename": "delete_country"}}, {"model": "auth.permission", "pk": 8, "fields": {"name": "Can view country", "content_type": 2, "codename": "view_country"}}, {"model": "auth.permission", "pk": 9, "fields": {"name": "Can add period", "content_type": 3, "codename": "add_period"}}, {"model": "auth.permission", "pk": 10, "fields": {"name": "Can change period", "content_type": 3, "codename": "change_period"}}, {"model": "auth.permission", "pk": 11, "fields": {"name": "Can delete period", "content_type": 3, "codename": "delete_period"}}, {"model": "auth.permission", "pk": 12, "fields": {"name": "Can view period", "content_type": 3, "codename": "view_period"}}, {"model": "auth.permission", "pk": 13, "fields": {"name": "Can add company", "content_type": 4, "codename": "add_company"}}, {"model": "auth.permission", "pk": 14, "fields": {"name": "Can change company", "content_type": 4, "codename": "change_company"}}, {"model": "auth.permission", "pk": 15, "fields": {"name": "Can delete company", "content_type": 4, "codename": "delete_company"}}, {"model": "auth.permission", "pk": 16, "fields": {"name": "Can view company", "content_type": 4, "codename": "view_company"}}, {"model": "auth.permission", "pk": 17, "fields": {"name": "Can add log entry", "content_type": 5, "codename": "add_logentry"}}, {"model": "auth.permission", "pk": 18, "fields": {"name": "Can change log entry", "content_type": 5, "codename": "change_logentry"}}, {"model": "auth.permission", "pk": 19, "fields": {"name": "Can delete log entry", "content_type": 5, "codename": "delete_logentry"}}, {"model": "auth.permission", "pk": 20, "fields": {"name": "Can view log entry", "content_type": 5, "codename": "view_logentry"}}, {"model": "auth.permission", "pk": 21, "fields": {"name": "Can add permission", "content_type": 6, "codename": "add_permission"}}, {"model": "auth.permission", "pk": 22, "fields": {"name": "Can change permission", "content_type": 6, "codename": "change_permission"}}, {"model": "auth.permission", "pk": 23, "fields": {"name": "Can delete permission", "content_type": 6, "codename": "delete_permission"}}, {"model": "auth.permission", "pk": 24, "fields": {"name": "Can view permission", "content_type": 6, "codename": "view_permission"}}, {"model": "auth.permission", "pk": 25, "fields": {"name": "Can add group", "content_type": 7, "codename": "add_group"}}, {"model": "auth.permission", "pk": 26, "fields": {"name": "Can change group", "content_type": 7, "codename": "change_group"}}, {"model": "auth.permission", "pk": 27, "fields": {"name": "Can delete group", "content_type": 7, "codename": "delete_group"}}, {"model": "auth.permission", "pk": 28, "fields": {"name": "Can view group", "content_type": 7, "codename": "view_group"}}, {"model": "auth.permission", "pk": 29, "fields": {"name": "Can add user", "content_type": 8, "codename": "add_user"}}, {"model": "auth.permission", "pk": 30, "fields": {"name": "Can change user", "content_type": 8, "codename": "change_user"}}, {"model": "auth.permission", "pk": 31, "fields": {"name": "Can delete user", "content_type": 8, "codename": "delete_user"}}, {"model": "auth.permission", "pk": 32, "fields": {"name": "Can view user", "content_type": 8, "codename": "view_user"}}, {"model": "auth.permission", "pk": 33, "fields": {"name": "Can add content type", "content_type": 9, "codename": "add_contenttype"}}, {"model": "auth.permission", "pk": 34, "fields": {"name": "Can change content type", "content_type": 9, "codename": "change_contenttype"}}, {"model": "auth.permission", "pk": 35, "fields": {"name": "Can delete content type", "content_type": 9, "codename": "delete_contenttype"}}, {"model": "auth.permission", "pk": 36, "fields": {"name": "Can view content type", "content_type": 9, "codename": "view_contenttype"}}, {"model": "auth.permission", "pk": 37, "fields": {"name": "Can add session", "content_type": 10, "codename": "add_session"}}, {"model": "auth.permission", "pk": 38, "fields": {"name": "Can change session", "content_type": 10, "codename": "change_session"}}, {"model": "auth.permission", "pk": 39, "fields": {"name": "Can delete session", "content_type": 10, "codename": "delete_session"}}, {"model": "auth.permission", "pk": 40, "fields": {"name": "Can view session", "content_type": 10, "codename": "view_session"}}, {"model": "auth.user", "pk": 2, "fields": {"password": "pbkdf2_sha256$150000$BQRk8JJpyq0W$sFP+aMpoXJxckkc2XtHS4C9c46BCBbYm33hXIPTbcUM=", "last_login": null, "is_superuser": false, "username": "j.smith", "first_name": "John", "last_name": "Smith", "email": "smith@example.com", "is_staff": false, "is_active": true, "date_joined": "2020-04-05T12:58:01Z", "groups": [], "user_permissions": []}}, {"model": "auth.user", "pk": 3, "fields": {"password": "pbkdf2_sha256$150000$onDUznT2O5ea$RT5/dtJ+3VUXmOuZiJ0+ez2Yde+4omM6GU22gpseAhs=", "last_login": null, "is_superuser": false, "username": "a.dows", "first_name": "Anderson", "last_name": "Dows", "email": "dows@example.com", "is_staff": false, "is_active": true, "date_joined": "2020-04-05T13:01:22Z", "groups": [], "user_permissions": []}}, {"model": "auth.user", "pk": 4, "fields": {"password": "pbkdf2_sha256$150000$zkS45iZtSqcE$qQAeFPtWGmo/OXpy2N2Q1chuM8OtHopo1ffsTC4lXCk=", "last_login": null, "is_superuser": false, "username": "j.doe", "first_name": "Jane", "last_name": "Doe", "email": "doe@example.com", "is_staff": false, "is_active": true, "date_joined": "2020-04-05T13:14:14Z", "groups": [], "user_permissions": []}}, {"model": "auth.user", "pk": 5, "fields": {"password": "pbkdf2_sha256$150000$cCoQkI0uXsJC$bEv3XYWrgw8zaIc9jLfFUCGAkoqKPRfdgfO8v/E/J9w=", "last_login": null, "is_superuser": false, "username": "m.dyson", "first_name": "Males", "last_name": "Dyson", "email": "dyson@example.com", "is_staff": false, "is_active": true, "date_joined": "2020-04-05T15:22:03Z", "groups": [], "user_permissions": []}}, {"model": "auth.user", "pk": 6, "fields": {"password": "pbkdf2_sha256$150000$zaIaxjij3J0H$vN8rIn+glxqCxwkrHoj4t5zft4E89ShNpmD1xXaqUpY=", "last_login": "2020-04-15T10:25:54.454Z", "is_superuser": true, "username": "admin", "first_name": "", "last_name": "", "email": "admin@example.com", "is_staff": true, "is_active": true, "date_joined": "2020-04-14T09:36:37.032Z", "groups": [], "user_permissions": []}}, {"model": "auth.user", "pk": 7, "fields": {"password": "pbkdf2_sha256$150000$esCIPkRbrHaD$BbkaHqSOMFOFIB3CKF7TAX2MAFdjqogAFRsyvFZzrJ0=", "last_login": null, "is_superuser": false, "username": "j.schwinger", "first_name": "Julius", "last_name": "Schwinger", "email": "schwinger@example.com", "is_staff": false, "is_active": true, "date_joined": "2020-04-14T14:32:02Z", "groups": [], "user_permissions": []}}, {"model": "admin.logentry", "pk": 1, "fields": {"action_time": "2020-04-14T09:37:51.137Z", "user": 6, "content_type": 1, "object_id": "1", "object_repr": "Microsoft (Ukraine) - 2015-01-01 -- 2018-01-01 - (a.dows)", "action_flag": 1, "change_message": "[{\"added\": {}}, {\"added\": {\"name\": \"period\", \"object\": \"2015-01-01 -- 2016-01-01 New\"}}]"}}, {"model": "admin.logentry", "pk": 2, "fields": {"action_time": "2020-04-14T09:38:12.865Z", "user": 6, "content_type": 1, "object_id": "1", "object_repr": "Microsoft (Ukraine) - 2015-01-01 -- 2018-01-01 - (a.dows)", "action_flag": 2, "change_message": "[{\"added\": {\"name\": \"period\", \"object\": \"2017-01-01 -- 2017-06-01 Act\"}}]"}}, {"model": "admin.logentry", "pk": 3, "fields": {"action_time": "2020-04-14T09:38:19.996Z", "user": 6, "content_type": 1, "object_id": "1", "object_repr": "Microsoft (Ukraine) - 2015-01-01 -- 2018-01-01 - (a.dows)", "action_flag": 2, "change_message": "[]"}}, {"model": "admin.logentry", "pk": 4, "fields": {"action_time": "2020-04-14T09:40:44.453Z", "user": 6, "content_type": 1, "object_id": "2", "object_repr": "Microsoft (Ukraine) - 2016-06-01 -- 2018-03-08 - (j.doe)", "action_flag": 1, "change_message": "[{\"added\": {}}, {\"added\": {\"name\": \"period\", \"object\": \"2016-07-01 -- 2016-09-01 Rec\"}}, {\"added\": {\"name\": \"period\", \"object\": \"2016-11-01 -- 2016-11-02 Clo\"}}, {\"added\": {\"name\": \"period\", \"object\": \"2016-11-03 -- 2017-01-01 New\"}}]"}}, {"model": "admin.logentry", "pk": 5, "fields": {"action_time": "2020-04-14T09:40:58.120Z", "user": 6, "content_type": 1, "object_id": "2", "object_repr": "Microsoft (Ukraine) - 2016-06-01 -- 2018-03-08 - (j.doe)", "action_flag": 2, "change_message": "[]"}}, {"model": "admin.logentry", "pk": 6, "fields": {"action_time": "2020-04-14T09:42:12.782Z", "user": 6, "content_type": 1, "object_id": "3", "object_repr": "ACME (Cyprus) - 2010-10-10 -- 2012-12-21 - (j.smith)", "action_flag": 1, "change_message": "[{\"added\": {}}, {\"added\": {\"name\": \"period\", \"object\": \"2010-10-10 -- 2010-10-15 Clo\"}}]"}}, {"model": "admin.logentry", "pk": 7, "fields": {"action_time": "2020-04-14T09:43:21.654Z", "user": 6, "content_type": 1, "object_id": "3", "object_repr": "ACME (Cyprus) - 2010-10-10 -- 2012-12-21 - (j.smith)", "action_flag": 2, "change_message": "[{\"added\": {\"name\": \"period\", \"object\": \"2010-12-03 -- 2011-10-15 Rec\"}}, {\"added\": {\"name\": \"period\", \"object\": \"2011-10-20 -- 2011-12-31 Act\"}}]"}}, {"model": "admin.logentry", "pk": 8, "fields": {"action_time": "2020-04-14T09:47:03.545Z", "user": 6, "content_type": 1, "object_id": "4", "object_repr": "Wenger (China) - 1900-10-15 -- 2000-10-15 - (j.smith)", "action_flag": 1, "change_message": "[{\"added\": {}}, {\"added\": {\"name\": \"period\", \"object\": \"1920-10-15 -- 1930-10-15 Clo\"}}, {\"added\": {\"name\": \"period\", \"object\": \"1930-10-15 -- 1930-10-16 Clo\"}}, {\"added\": {\"name\": \"period\", \"object\": \"1935-01-15 -- 1940-12-01 Act\"}}]"}}, {"model": "admin.logentry", "pk": 9, "fields": {"action_time": "2020-04-14T10:09:14.988Z", "user": 6, "content_type": 1, "object_id": "5", "object_repr": "Siemens (Ukraine) - 2000-10-15 -- 2020-11-12 - (m.dyson)", "action_flag": 1, "change_message": "[{\"added\": {}}, {\"added\": {\"name\": \"period\", \"object\": \"2001-10-15 -- 2005-10-15 New\"}}]"}}, {"model": "admin.logentry", "pk": 10, "fields": {"action_time": "2020-04-14T10:09:34.975Z", "user": 6, "content_type": 1, "object_id": "5", "object_repr": "Siemens (Ukraine) - 2000-10-15 -- 2020-11-12 - (m.dyson)", "action_flag": 2, "change_message": "[{\"added\": {\"name\": \"period\", \"object\": \"2006-10-15 -- 2007-10-15 Act\"}}]"}}, {"model": "admin.logentry", "pk": 11, "fields": {"action_time": "2020-04-14T10:58:39.745Z", "user": 6, "content_type": 1, "object_id": "6", "object_repr": "LG (China) - 2010-04-14 -- 2018-04-14 - (j.doe)", "action_flag": 1, "change_message": "[{\"added\": {}}, {\"added\": {\"name\": \"period\", \"object\": \"2011-04-14 -- 2011-05-14 Clo\"}}, {\"added\": {\"name\": \"period\", \"object\": \"2012-05-14 -- 2012-06-14 Clo\"}}, {\"added\": {\"name\": \"period\", \"object\": \"2014-05-14 -- 2017-05-14 Clo\"}}]"}}, {"model": "admin.logentry", "pk": 12, "fields": {"action_time": "2020-04-14T10:59:51.114Z", "user": 6, "content_type": 1, "object_id": "5", "object_repr": "Siemens (Ukraine) - 2000-10-15 -- 2020-11-12 - (m.dyson)", "action_flag": 2, "change_message": "[{\"added\": {\"name\": \"period\", \"object\": \"2020-03-12 -- 2020-08-12 Act\"}}, {\"changed\": {\"name\": \"period\", \"object\": \"2001-10-15 -- 2005-10-15 Clo\", \"fields\": [\"status\"]}}, {\"changed\": {\"name\": \"period\", \"object\": \"2006-10-15 -- 2007-10-15 Clo\", \"fields\": [\"status\"]}}]"}}, {"model": "admin.logentry", "pk": 13, "fields": {"action_time": "2020-04-14T11:01:55.011Z", "user": 6, "content_type": 1, "object_id": "4", "object_repr": "Wenger (China) - 1900-10-15 -- 2100-10-15 - (j.smith)", "action_flag": 2, "change_message": "[{\"changed\": {\"fields\": [\"stop_date\"]}}, {\"added\": {\"name\": \"period\", \"object\": \"2020-10-15 -- 2030-10-15 Rec\"}}, {\"added\": {\"name\": \"period\", \"object\": \"2019-10-15 -- 2020-06-01 Act\"}}, {\"added\": {\"name\": \"period\", \"object\": \"2040-06-02 -- 2050-06-01 New\"}}, {\"changed\": {\"name\": \"period\", \"object\": \"1935-01-15 -- 1940-12-01 Clo\", \"fields\": [\"status\"]}}]"}}, {"model": "admin.logentry", "pk": 14, "fields": {"action_time": "2020-04-14T11:03:04.203Z", "user": 6, "content_type": 1, "object_id": "3", "object_repr": "ACME (Cyprus) - 2010-10-10 -- 2022-12-21 - (j.smith)", "action_flag": 2, "change_message": "[{\"changed\": {\"fields\": [\"stop_date\"]}}, {\"changed\": {\"name\": \"period\", \"object\": \"2020-12-03 -- 2021-10-15 Rec\", \"fields\": [\"start_date\", \"stop_date\"]}}, {\"changed\": {\"name\": \"period\", \"object\": \"2021-10-20 -- 2021-12-31 New\", \"fields\": [\"start_date\", \"stop_date\", \"status\"]}}]"}}, {"model": "admin.logentry", "pk": 15, "fields": {"action_time": "2020-04-14T11:03:27.697Z", "user": 6, "content_type": 1, "object_id": "2", "object_repr": "Microsoft (Ukraine) - 2016-06-01 -- 2018-03-08 - (j.doe)", "action_flag": 2, "change_message": "[{\"changed\": {\"name\": \"period\", \"object\": \"2016-07-01 -- 2016-09-01 Clo\", \"fields\": [\"status\"]}}, {\"changed\": {\"name\": \"period\", \"object\": \"2016-11-03 -- 2017-01-01 Clo\", \"fields\": [\"status\"]}}]"}}, {"model": "admin.logentry", "pk": 16, "fields": {"action_time": "2020-04-14T11:05:26.781Z", "user": 6, "content_type": 1, "object_id": "1", "object_repr": "Microsoft (Ukraine) - 2015-01-01 -- 2028-01-01 - (a.dows)", "action_flag": 2, "change_message": "[{\"changed\": {\"fields\": [\"stop_date\"]}}, {\"added\": {\"name\": \"period\", \"object\": \"2021-10-10 -- 2026-01-01 New\"}}, {\"changed\": {\"name\": \"period\", \"object\": \"2015-01-01 -- 2020-10-01 Act\", \"fields\": [\"stop_date\", \"status\"]}}, {\"changed\": {\"name\": \"period\", \"object\": \"2027-01-01 -- 2027-06-01 Rec\", \"fields\": [\"start_date\", \"stop_date\", \"status\"]}}]"}}, {"model": "admin.logentry", "pk": 17, "fields": {"action_time": "2020-04-14T14:32:02.257Z", "user": 6, "content_type": 8, "object_id": "7", "object_repr": "j.schwinger", "action_flag": 1, "change_message": "[{\"added\": {}}]"}}, {"model": "admin.logentry", "pk": 18, "fields": {"action_time": "2020-04-14T14:32:49.470Z", "user": 6, "content_type": 8, "object_id": "7", "object_repr": "j.schwinger", "action_flag": 2, "change_message": "[{\"changed\": {\"fields\": [\"first_name\", \"last_name\", \"email\"]}}]"}}, {"model": "admin.logentry", "pk": 19, "fields": {"action_time": "2020-04-14T14:33:04.111Z", "user": 6, "content_type": 8, "object_id": "7", "object_repr": "j.schwinger", "action_flag": 2, "change_message": "[{\"changed\": {\"fields\": [\"email\"]}}]"}}, {"model": "admin.logentry", "pk": 20, "fields": {"action_time": "2020-04-14T14:40:13.633Z", "user": 6, "content_type": 1, "object_id": "7", "object_repr": "Samsung (Columbia) - 2015-03-14 -- 2025-05-03 - (j.schwinger)", "action_flag": 1, "change_message": "[{\"added\": {}}, {\"added\": {\"name\": \"period\", \"object\": \"2015-03-14 -- 2020-08-19 Act\"}}, {\"added\": {\"name\": \"period\", \"object\": \"2021-09-01 -- 2022-12-01 Rec\"}}, {\"added\": {\"name\": \"period\", \"object\": \"2022-12-01 -- 2025-05-03 New\"}}]"}}, {"model": "admin.logentry", "pk": 21, "fields": {"action_time": "2020-04-14T15:27:50.383Z", "user": 6, "content_type": 1, "object_id": "5", "object_repr": "Siemens (Ukraine) - 2000-10-15 -- 2020-11-12 - (m.dyson)", "action_flag": 2, "change_message": "[]"}}, {"model": "admin.logentry", "pk": 22, "fields": {"action_time": "2020-04-14T15:28:20.100Z", "user": 6, "content_type": 1, "object_id": "5", "object_repr": "Siemens (Ukraine) - 2000-10-15 -- 2020-11-12 - (m.dyson)", "action_flag": 2, "change_message": "[{\"added\": {\"name\": \"period\", \"object\": \"2005-11-15 -- 2005-11-22 Clo\"}}]"}}, {"model": "admin.logentry", "pk": 23, "fields": {"action_time": "2020-04-14T15:31:10.172Z", "user": 6, "content_type": 1, "object_id": "5", "object_repr": "Siemens (Ukraine) - 2000-10-15 -- 2020-11-12 - (m.dyson)", "action_flag": 2, "change_message": "[{\"added\": {\"name\": \"period\", \"object\": \"2007-10-16 -- 2007-12-31 Clo\"}}]"}}, {"model": "admin.logentry", "pk": 24, "fields": {"action_time": "2020-04-14T16:40:06.904Z", "user": 6, "content_type": 1, "object_id": "4", "object_repr": "Wenger (China) - 1900-10-15 -- 2100-10-15 - (j.smith)", "action_flag": 2, "change_message": "[{\"added\": {\"name\": \"period\", \"object\": \"2020-07-01 -- 2020-08-03 New\"}}]"}}, {"model": "admin.logentry", "pk": 25, "fields": {"action_time": "2020-04-14T16:45:05.723Z", "user": 6, "content_type": 1, "object_id": "4", "object_repr": "Wenger (China) - 1900-10-15 -- 2100-10-15 - (j.smith)", "action_flag": 2, "change_message": "[]"}}, {"model": "admin.logentry", "pk": 26, "fields": {"action_time": "2020-04-14T16:51:26.364Z", "user": 6, "content_type": 1, "object_id": "8", "object_repr": "HUAWEI (Cyprus) - 2019-01-01 -- 2020-12-31 - (j.schwinger)", "action_flag": 1, "change_message": "[{\"added\": {}}, {\"added\": {\"name\": \"period\", \"object\": \"2019-03-08 -- 2020-08-03 Act\"}}]"}}, {"model": "admin.logentry", "pk": 27, "fields": {"action_time": "2020-04-15T11:06:14.124Z", "user": 6, "content_type": 1, "object_id": "9", "object_repr": "IMF (United Kingdom of Great Britain and Northern Ireland) - 2020-04-15 -- 2020-04-16 - (a.dows)", "action_flag": 1, "change_message": "[{\"added\": {}}, {\"added\": {\"name\": \"period\", \"object\": \"2020-04-15 -- 2020-04-16 Act\"}}]"}}, {"model": "admin.logentry", "pk": 28, "fields": {"action_time": "2020-04-15T11:07:21.559Z", "user": 6, "content_type": 1, "object_id": "9", "object_repr": "IMF (United Kingdom of Great Britain and Northern Ireland) - 2020-04-15 -- 2020-04-16 - (a.dows)", "action_flag": 3, "change_message": ""}}, {"model": "admin.logentry", "pk": 29, "fields": {"action_time": "2020-04-15T11:10:06.652Z", "user": 6, "content_type": 1, "object_id": "10", "object_repr": "HUAWEI (Cyprus) - 2020-04-15 -- 2020-04-16 - (m.dyson)", "action_flag": 1, "change_message": "[{\"added\": {}}, {\"added\": {\"name\": \"period\", \"object\": \"2020-04-15 -- 2020-04-16 Act\"}}]"}}, {"model": "admin.logentry", "pk": 30, "fields": {"action_time": "2020-04-15T11:15:42.684Z", "user": 6, "content_type": 1, "object_id": "10", "object_repr": "HUAWEI (Cyprus) - 2020-04-15 -- 2020-04-16 - (m.dyson)", "action_flag": 3, "change_message": ""}}, {"model": "admin.logentry", "pk": 31, "fields": {"action_time": "2020-04-15T15:27:51.571Z", "user": 6, "content_type": 1, "object_id": "11", "object_repr": "Apple (Monaco) - 2020-04-15 -- 2020-04-16 - (a.dows)", "action_flag": 1, "change_message": "[{\"added\": {}}, {\"added\": {\"name\": \"period\", \"object\": \"2020-04-15 -- 2020-04-16 Act\"}}]"}}, {"model": "admin.logentry", "pk": 32, "fields": {"action_time": "2020-04-15T15:56:03.930Z", "user": 6, "content_type": 1, "object_id": "11", "object_repr": "Apple (Monaco) - 2020-04-15 -- 2020-04-16 - (a.dows)", "action_flag": 3, "change_message": ""}}, {"model": "discount.agreement", "pk": 1, "fields": {"company": 1, "start_date": "2015-01-01", "stop_date": "2028-01-01", "negotiator": 3, "debit": 314, "credit": 272}}, {"model": "discount.agreement", "pk": 2, "fields": {"company": 1, "start_date": "2016-06-01", "stop_date": "2018-03-08", "negotiator": 4, "debit": 150, "credit": 300}}, {"model": "discount.agreement", "pk": 3, "fields": {"company": 2, "start_date": "2010-10-10", "stop_date": "2022-12-21", "negotiator": 2, "debit": 100, "credit": 100}}, {"model": "discount.agreement", "pk": 4, "fields": {"company": 8, "start_date": "1900-10-15", "stop_date": "2100-10-15", "negotiator": 2, "debit": 35, "credit": 40}}, {"model": "discount.agreement", "pk": 5, "fields": {"company": 4, "start_date": "2000-10-15", "stop_date": "2020-11-12", "negotiator": 5, "debit": 30, "credit": 20}}, {"model": "discount.agreement", "pk": 6, "fields": {"company": 7, "start_date": "2010-04-14", "stop_date": "2018-04-14", "negotiator": 4, "debit": 25, "credit": 80}}, {"model": "discount.agreement", "pk": 7, "fields": {"company": 6, "start_date": "2015-03-14", "stop_date": "2025-05-03", "negotiator": 7, "debit": 48, "credit": 325}}, {"model": "discount.agreement", "pk": 8, "fields": {"company": 10, "start_date": "2019-01-01", "stop_date": "2020-12-31", "negotiator": 7, "debit": 8, "credit": 23}}]